{
  "express": {
    "transfer": {
      "total": 2141201,
      "rate": 1069920.044225873
    },
    "requests": {
      "total": 8959,
      "avg": 4476.652904710765
    },
    "latencies": {
      "min": 1.4324629999999998,
      "max": 45.248375,
      "stdev": 1.2549512490542882,
      "avg": 2.22809
    }
  },
  "fastify": {
    "transfer": {
      "total": 6070332,
      "rate": 3034750.333281601
    },
    "requests": {
      "total": 32289,
      "avg": 16142.289006817027
    },
    "latencies": {
      "min": 0.107142,
      "max": 12.467819,
      "stdev": 0.29396542042366963,
      "avg": 0.615748
    }
  }
}